name,fde_dim,bytes_per_doc,recall@1,recall@5,ndcg@5,mrr@10,sweep_s
colqwen2-maxsim (ceiling),128,377635.84,0.86,0.96,0.9140285469123858,0.8992916666666667,0.7043515419936739
muvera[DE|k4|r4|c-],8192,32768.0,0.665,0.865,0.7760608917572427,0.7533452380952381,0.386090084008174
muvera[DE|k4|r4|c32768],32768,131072.0,0.67,0.86,0.7779359252567847,0.757456349206349,0.4263056250056252
muvera[DE|k4|r4|c8192],8192,32768.0,0.66,0.845,0.7632142745476095,0.7458928571428572,0.4148299170046812
muvera[DE|k4|r4|c2048],2048,8192.0,0.595,0.82,0.7166445651115667,0.6882261904761904,0.4265149169950746
muvera[DE|k4|r8|c-],16384,65536.0,0.685,0.865,0.7854834142922031,0.7660238095238096,0.8035042499977862
muvera[DE|k4|r8|c32768],32768,131072.0,0.685,0.85,0.7759808823372225,0.7606448412698412,0.8597609169955831
muvera[DE|k4|r8|c8192],8192,32768.0,0.68,0.86,0.7803173301853557,0.7607123015873016,0.8466523329989286
muvera[DE|k4|r8|c2048],2048,8192.0,0.675,0.85,0.7711110882873866,0.7506150793650793,0.852949958993122
muvera[DE|k6|r4|c-],32768,131072.0,0.685,0.88,0.7920351829620597,0.768456349206349,0.4496580840059323
muvera[DE|k6|r4|c32768],32768,131072.0,0.675,0.87,0.7841266277210699,0.7626269841269839,0.5371417920105159
muvera[DE|k6|r4|c8192],8192,32768.0,0.63,0.85,0.7556820187836525,0.7284285714285711,0.5303451670042705
muvera[DE|k6|r4|c2048],2048,8192.0,0.4,0.69,0.5581254923660571,0.5244702380952381,0.5322171250008978
muvera[DE|k6|r8|c-],65536,262144.0,0.735,0.885,0.8200478842785401,0.8043869047619048,0.882517124991864
muvera[DE|k6|r8|c32768],32768,131072.0,0.745,0.88,0.8214577054970198,0.8080396825396825,1.2523604999878444
muvera[DE|k6|r8|c8192],8192,32768.0,0.655,0.835,0.7572695349877151,0.7395813492063493,1.1425921659974847
muvera[DE|k6|r8|c2048],2048,8192.0,0.49,0.68,0.5942774785564565,0.5815436507936509,1.1928323329921113
muvera[DE|k8|r4|c-],131072,524288.0,0.69,0.865,0.7855067666721506,0.7636091269841269,1.1063757499941858
muvera[DE|k8|r4|c32768],32768,131072.0,0.625,0.805,0.7242271514038354,0.7024722222222222,1.4122549169987906
muvera[DE|k8|r4|c8192],8192,32768.0,0.45,0.675,0.5669848524337483,0.5478730158730158,1.42495054200117
muvera[DE|k8|r4|c2048],2048,8192.0,0.15,0.34,0.2525299435123538,0.2394761904761905,1.4224832500040065
muvera[DE|k8|r8|c-],262144,1048576.0,0.725,0.895,0.817438323213598,0.7963888888888888,2.1198551669949666
muvera[DE|k8|r8|c32768],32768,131072.0,0.665,0.83,0.7560312094898437,0.7396111111111112,2.8552248749911087
muvera[DE|k8|r8|c8192],8192,32768.0,0.46,0.725,0.5983803552787675,0.5639821428571428,2.8214837909908965
muvera[DE|k8|r8|c2048],2048,8192.0,0.21,0.395,0.3088894375782123,0.29383730158730165,2.845120666999719
muvera[CA|k4|r4|c-],8192,32768.0,0.695,0.855,0.7852670030327344,0.7697817460317461,0.4534691660082899
muvera[CA|k4|r4|c32768],32768,131072.0,0.695,0.88,0.7965053251549155,0.7727757936507936,0.482084292001673
muvera[CA|k4|r4|c8192],8192,32768.0,0.675,0.87,0.7864757768856836,0.763920634920635,0.4802230409986805
muvera[CA|k4|r4|c2048],2048,8192.0,0.625,0.81,0.7248521179042936,0.7054186507936506,0.48200529199675657
muvera[CA|k4|r8|c-],16384,65536.0,0.705,0.87,0.7924113484409244,0.7743253968253967,0.9103770000074292
muvera[CA|k4|r8|c32768],32768,131072.0,0.695,0.875,0.7923521179042935,0.7721646825396824,0.9251405830000294
muvera[CA|k4|r8|c8192],8192,32768.0,0.695,0.855,0.7827373207653353,0.7668869047619049,0.8813477920048172
muvera[CA|k4|r8|c2048],2048,8192.0,0.64,0.82,0.7431047168583576,0.7254761904761904,0.8988359169889009
muvera[CA|k6|r4|c-],32768,131072.0,0.715,0.9,0.8181253617435797,0.7935198412698413,0.4945629169960739
muvera[CA|k6|r4|c32768],32768,131072.0,0.71,0.88,0.8050505917732654,0.7848253968253968,0.5954718330031028
muvera[CA|k6|r4|c8192],8192,32768.0,0.65,0.895,0.7778972056072084,0.7415416666666665,0.5980859590054024
muvera[CA|k6|r4|c2048],2048,8192.0,0.44,0.73,0.5959038416568823,0.5616011904761903,0.5864221249939874
muvera[CA|k6|r8|c-],65536,262144.0,0.73,0.9,0.8244435626633042,0.8034980158730158,0.9928653329989174
muvera[CA|k6|r8|c32768],32768,131072.0,0.71,0.875,0.802239852720316,0.7842698412698413,1.1659849580028094
muvera[CA|k6|r8|c8192],8192,32768.0,0.66,0.85,0.7660994774086517,0.7448809523809524,1.1607410840078956
muvera[CA|k6|r8|c2048],2048,8192.0,0.49,0.75,0.6317272820263122,0.6021666666666665,1.1658365830080584
muvera[CA|k8|r4|c-],131072,524288.0,0.72,0.855,0.792924049757405,0.7814265873015874,1.1243846669967752
muvera[CA|k8|r4|c32768],32768,131072.0,0.635,0.81,0.7328173301853554,0.7153511904761903,1.4842109590099426
muvera[CA|k8|r4|c8192],8192,32768.0,0.41,0.71,0.5705840685974457,0.5300873015873016,1.4594504160049837
muvera[CA|k8|r4|c2048],2048,8192.0,0.14,0.385,0.2658030533534727,0.24106349206349223,1.462518166998052
muvera[CA|k8|r8|c-],262144,1048576.0,0.77,0.9,0.8387681350120572,0.8236091269841268,2.2803760840033647
muvera[CA|k8|r8|c32768],32768,131072.0,0.69,0.865,0.7821509365405958,0.7613948412698412,2.9910737500031246
muvera[CA|k8|r8|c8192],8192,32768.0,0.455,0.685,0.5791472726062922,0.5585734126984129,2.9974430830043275
muvera[CA|k8|r8|c2048],2048,8192.0,0.15,0.32,0.2379474021373528,0.23171428571428582,2.9273494170047343
